title; artist; popularity
Flashing Lights; Kanye West; 91
Bohemian Rhapsody - Remastered 2011; Queen; 99
Stairway to Heaven - Remaster; Led Zeppelin; 76
Imagine - Remastered 2010; John Lennon; 73
Smells Like Teen Spirit; Nirvana; 99
Hotel California - 2013 Remaster; Eagles; 55
Billie Jean; Michael Jackson; 83
Like a Rolling Stone; Bob Dylan; 81
Hey Jude; The Beatles; 92
Respect; Aretha Franklin; 37
What's Going On; Marvin Gaye; 68
(I Can't Get No) Satisfaction - Mono; The Rolling Stones; 66
Good Vibrations - Remastered 2001; The Beach Boys; 81
Johnny B. Goode; Chuck Berry; 65
Yesterday - Remastered 2009; The Beatles; 89
Let It Be - Remastered 2009; The Beatles; 89
Superstition - Single Version; Stevie Wonder; 48
Purple Haze; Jimi Hendrix; 83
A Day In The Life - Remastered 2009; The Beatles; 88
Suspicious Minds; Elvis Presley; 86
My Generation - Stereo Version; The Who; 81
I Heard It Through The Grapevine; Marvin Gaye; 71
Blowin' in the Wind; Bob Dylan; 69
Born to Run; Bruce Springsteen; 86
Light My Fire; The Doors; 85
God Only Knows; The Beach Boys; 68
Bridge Over Troubled Water; Simon & Garfunkel; 84
Every Breath You Take; The Police; 97
Hallelujah; Jeff Buckley; 91
London Calling - Remastered; The Clash; 76
Hound Dog; Elvis Presley; 83
Let's Stay Together; Al Green; 66
Sweet Child O' Mine; Guns N' Roses; 81
Thunder Road; Bruce Springsteen; 63
Waterloo Sunset; The Kinks; 80
Heroes - 2017 Remaster; David Bowie; 48
I Will Always Love You; Whitney Houston; 96
All Along the Watchtower; Jimi Hendrix; 60
Dancing Queen; ABBA; 96
I Walk the Line; Johnny Cash; 80
Sympathy For The Devil - 50th Anniversary Edition; The Rolling Stones; 49
Gimme Shelter; The Rolling Stones; 86
Wonderwall - Remastered; Oasis; 95
Losing My Religion; R.E.M.; 81
Under the Bridge; Red Hot Chili Peppers; 93
Creep; Radiohead; 100
No Woman No Cry; Bob Marley & The Wailers; 64
In My Life - Remastered 2009; The Beatles; 81
Stand By Me; Ben E. King; 85
Papa's Got A Brand New Bag (Part 1) - Single Version; James Brown; 42
A Change Is Gonna Come; Sam Cooke; 86
Tutti Frutti; Little Richard; 73
Tangled up in Blue; Bob Dylan; 82
Heartbreak Hotel; Elvis Presley; 74
When Doves Cry; Prince; 87
Family Affair - Single Version; Sly & The Family Stone; 40
Whole Lotta Love - 1990 Remaster; Led Zeppelin; 52
California Gurls; Katy Perry; 93
Rolling in the Deep; Adele; 100
Someone Like You; Adele; 98
Shape of You; Ed Sheeran; 100
Uptown Funk (feat. Bruno Mars); Mark Ronson; 99
Blinding Lights; The Weeknd; 96
Dance Monkey; Tones And I; 96
Perfect; Ed Sheeran; 100
Thinking out Loud; Ed Sheeran; 99
Despacito; Luis Fonsi; 100
Closer; The Chainsmokers; 77
Sunflower - Spider-Man: Into the Spider-Verse; Post Malone; 59
Señorita; Shawn Mendes; 97
bad guy; Billie Eilish; 97
Havana (feat. Young Thug); Camila Cabello; 93
Levitating (feat. DaBaby); Dua Lipa; 95
As It Was; Harry Styles; 96
STAY (with Justin Bieber); The Kid LAROI; 89
Watermelon Sugar; Harry Styles; 77
Peaches (feat. Daniel Caesar & Giveon); Justin Bieber; 88
good 4 u; Olivia Rodrigo; 94
drivers license; Olivia Rodrigo; 95
Don't Start Now; Dua Lipa; 43
Save Your Tears; The Weeknd; 97
rockstar (feat. 21 Savage); Post Malone; 94
God's Plan; Drake; 81
Lucid Dreams; Juice WRLD; 96
SICKO MODE; Travis Scott; 98
Old Town Road (feat. Billy Ray Cyrus) - Remix; Lil Nas X; 74
Shallow; Lady Gaga; 97
Without Me; Halsey; 95
Bad Romance; Lady Gaga; 98
Poker Face; Lady Gaga; 99
Just the Way You Are; Bruno Mars; 97
Grenade; Bruno Mars; 96
Firework; Katy Perry; 96
Teenage Dream; Katy Perry; 91
Roar; Katy Perry; 98
Dark Horse; Katy Perry; 99
Blank Space; Taylor Swift; 99
Shake It Off; Taylor Swift; 69
Love Story; Taylor Swift; 94
You Belong With Me; Taylor Swift; 96
I Knew You Were Trouble.; Taylor Swift; 89
We Are Never Ever Getting Back Together (Taylor's Version); Taylor Swift; 94
Cruel Summer; Taylor Swift; 84
Sorry; Justin Bieber; 100
Love Yourself; Justin Bieber; 98
What Do You Mean?; Justin Bieber; 90
Hello; Adele; 99
Set Fire to the Rain; Adele; 76
Skyfall; Adele; 85
Chandelier; Sia; 98
Cheap Thrills (feat. Sean Paul); Sia; 95
Take Me To Church; Hozier; 97
Radioactive; Imagine Dragons; 81
Demons; Imagine Dragons; 96
Believer; Imagine Dragons; 99
Thunder; Imagine Dragons; 97
Counting Stars; OneRepublic; 100
Apologize; Timbaland; 91
Secrets; OneRepublic; 90
Viva La Vida; Coldplay; 97
Fix You; Coldplay; 95
Yellow; Coldplay; 97
The Scientist; Coldplay; 97
Paradise; Coldplay; 96
A Sky Full of Stars; Coldplay; 94
Something Just Like This; The Chainsmokers; 98
Wake Me Up; Avicii; 97
Levels - Radio Edit; Avicii; 71
Hey Brother; Avicii; 90
Titanium (feat. Sia); David Guetta; 93
Without You (feat. Usher); David Guetta; 84
Summer; Calvin Harris; 95
Feel So Close - Radio Edit; Calvin Harris; 86
We Found Love; Rihanna; 91
Diamonds; Rihanna; 97
Umbrella; Rihanna; 96
Don't Stop Believin' (2022 Remaster); Journey; 67
Livin' On A Prayer; Bon Jovi; 80
Sweet Home Alabama; Lynyrd Skynyrd; 86
Back In Black; AC/DC; 95
Highway to Hell; AC/DC; 92
Thunderstruck; AC/DC; 81
You Shook Me All Night Long; AC/DC; 81
Hells Bells; AC/DC; 90
Enter Sandman - Remastered 2021; Metallica; 94
Nothing Else Matters - Remastered 2021; Metallica; 96
Master Of Puppets; Metallica; 74
One; Metallica; 92
The Unforgiven - Remastered 2021; Metallica; 92
Smells Like Teen Spirit; Nirvana; 72
Come As You Are; Nirvana; 96
Lithium; Nirvana; 92
In Bloom; Nirvana; 90
Heart-Shaped Box; Heart-Shaped Tracks; 53
Black Hole Sun; Soundgarden; 92
Alive; Pearl Jam; 88
Jeremy; Pearl Jam; 88
Even Flow; Pearl Jam; 91
Plush; Stone Temple Pilots; 86
Interstate Love Song - 2019 Remaster; Stone Temple Pilots; 49
Creep; TLC; 87
Waterfalls; TLC; 89
No Scrubs; TLC; 92
I Swear; All-4-One; 80
End Of The Road; Boyz II Men; 89
I'll Make Love To You; Boyz II Men; 86
Water Runs Dry; Boyz II Men; 82
On Bended Knee; Boyz II Men; 86
Motownphilly; Boyz II Men; 78
A Thousand Miles; Vanessa Carlton; 93
Complicated; Avril Lavigne; 76
Sk8er Boi; Avril Lavigne; 90
I'm with You; Avril Lavigne; 89
Since U Been Gone; Kelly Clarkson; 89
Because of You; Kelly Clarkson; 92
Breakaway; Kelly Clarkson; 75
Toxic; Britney Spears; 95
...Baby One More Time; Britney Spears; 96
Oops!...I Did It Again; Britney Spears; 70
Genie In a Bottle; Christina Aguilera; 91
Beautiful; Christina Aguilera; 66
Fighter; Christina Aguilera; 59
Dirrty (feat. Redman); Christina Aguilera; 85
Lady Marmalade - Single Edit; Christina Aguilera; 55
Crazy In Love (feat. JAY-Z); Beyoncé; 92
Single Ladies (Put a Ring on It); Beyoncé; 82
Halo; Beyoncé; 98
Irreplaceable; Beyoncé; 93
If I Were a Boy; Beyoncé; 94
Listen (From the Motion Picture Dreamgirls); Beyoncé; 80
Love On Top; Beyoncé; 92
Drunk in Love (feat. JAY-Z); Beyoncé; 94
Formation; Beyoncé; 65
Run the World (Girls); Beyoncé; 68
I Will Always Love You; Dolly Parton; 75
Jolene; Dolly Parton; 74
9 to 5; Dolly Parton; 88
Ring of Fire; Johnny Cash; 80
Folsom Prison Blues - Live at Folsom State Prison, Folsom, CA - January 1968; Johnny Cash; 83
Hurt; Johnny Cash; 92
I Walk the Line; Johnny Cash; 80
Man in Black; Johnny Cash; 78
Sunday Morning Coming Down - Live at Ryman Auditorium, Nashville, TN - July 1970; Johnny Cash; 71
Crazy - Single Version; Patsy Cline; 40
I Fall To Pieces - Single Version; Patsy Cline; 25
Stand By Your Man; Tammy Wynette; 77
He Stopped Loving Her Today; George Jones; 66
Your Cheatin' Heart; Hank Williams; 57
I'm So Lonesome I Could Cry; Hank Williams; 79
Hey, Good Lookin'; Hank Williams; 58
Jambalaya (On The Bayou); Hank Williams; 72
Blue Eyes Crying In the Rain; Willie Nelson; 79
On the Road Again; Willie Nelson; 81
Always On My Mind; Willie Nelson; 83
Mammas Don't Let Your Babies Grow up to Be Cowboys; Waylon Jennings; 59
Luckenbach, Texas (Back to the Basics of Love) (feat. Willie Nelson); Waylon Jennings; 54
Good Hearted Woman; Waylon Jennings; 74
I've Always Been Crazy; Waylon Jennings; 63
The Gambler; Kenny Rogers; 90
Lucille; Kenny Rogers; 68
Coward Of The County; Kenny Rogers; 61
Islands In the Stream; Dolly Parton; 85
Rhinestone Cowboy; Glen Campbell; 81
Wichita Lineman - Remastered 2001; Glen Campbell; 67
Galveston - Remastered 2001; Glen Campbell; 64
By The Time I Get To Phoenix - Remastered 2001; Glen Campbell; 69
Gentle On My Mind - Remastered 2001; Glen Campbell; 74
Suspicious Minds; Elvis Presley; 86
Jailhouse Rock; Elvis Presley; 89
Hound Dog; Elvis Presley; 83
Can't Help Falling in Love; Elvis Presley; 77
Love Me Tender; Elvis Presley; 79
Heartbreak Hotel; Elvis Presley; 74
Don't Be Cruel; Elvis Presley; 78
All Shook Up; Elvis Presley; 79
Return to Sender - From Girls! Girls! Girls!; Elvis Presley; 53
Are You Lonesome Tonight?; Elvis Presley; 76
It's Now or Never; Elvis Presley; 79
A Little Less Conversation - JXL Radio Edit Remix; Elvis Presley; 30
In the Ghetto; Elvis Presley; 80
Blue Suede Shoes; Elvis Presley; 83
That's All Right; Elvis Presley; 72
Good Morning Judge; Wynonie Harris; 47
Rocket 88 - Single Version; Jackie Brenston & His Delta Cats; 33
Tutti Frutti; Little Richard; 73
Long Tall Sally (The Thing); Little Richard; 72
Good Golly Miss Molly; Little Richard; 77
Lucille; Little Richard; 68
Rip It Up; Little Richard; 59
ALL THE LOVE (feat. Andre Troutman); Kanye West; 70
Do You Really Want To Hurt Me; Culture Club; 84
Hyper Hyper; Scooter; 72
Move Your Ass!; Scooter; 64
How Much Is The Fish?; Scooter; 69
Wahnsinn; Wolfgang Petry; 71
Verlieben, verloren, vergessen, verzeih'n; Wolfgang Petry; 53
Ice Ice Baby; Vanilla Ice; 92
Stayin' Alive - From Saturday Night Fever Soundtrack; Bee Gees; 54
Go Your Own Way - 2004 Remaster; Fleetwood Mac; 44
Don't Stop 'Til You Get Enough; Michael Jackson; 73
Another Brick in the Wall, Pt. 2; Pink Floyd; 66
I Will Survive; Gloria Gaynor; 89
Night Fever - From Saturday Night Fever Soundtrack; Bee Gees; 49
Dreams - 2004 Remaster; Fleetwood Mac; 49
September; Earth, Wind & Fire; 75
Heart Of Glass; Blondie; 76
Mamma Mia; ABBA; 92
Y.M.C.A; Village People; 79
Le Freak - 2018 Remaster; CHIC; 47
Rocket Man (I Think It's Going To Be A Long, Long Time); Elton John; 71
Tiny Dancer; Elton John; 90
Your Song; Elton John; 89
Life on Mars? - 2015 Remaster; David Bowie; 33
Starman - 2012 Remaster; David Bowie; 59
Kashmir - Remaster; Led Zeppelin; 83
Immigrant Song - Remaster; Led Zeppelin; 88
Black Dog - Remaster; Led Zeppelin; 85
We Will Rock You - Remastered 2011; Queen; 93
We Are The Champions - Remastered 2011; Queen; 90
Don't Stop Me Now - Remastered 2011; Queen; 82
Killer Queen - Remastered 2011; Queen; 91
Somebody To Love - Remastered 2011; Queen; 92
Waterloo; ABBA; 86
Take A Chance On Me; ABBA; 88
Gimme! Gimme! Gimme! (A Man After Midnight); ABBA; 61
Knowing Me, Knowing You; ABBA; 71
How Deep Is Your Love; Bee Gees; 94
Jive Talkin'; Bee Gees; 47
Tragedy; Bee Gees; 79
Wish You Were Here; Pink Floyd; 84
Money; Pink Floyd; 86
Comfortably Numb; Pink Floyd; 82
Take It Easy - 2013 Remaster; Eagles; 48
Desperado - 2013 Remaster; Eagles; 57
One of These Nights - 2013 Remaster; Eagles; 38
The Chain - 2004 Remaster; Fleetwood Mac; 49
Don't Stop - 2004 Remaster; Fleetwood Mac; 43
Rhiannon; Fleetwood Mac; 83
Sir Duke; Stevie Wonder; 78
Isn't She Lovely; Stevie Wonder; 54
Higher Ground; Stevie Wonder; 60
Signed, Sealed, Delivered (I'm Yours); Stevie Wonder; 54
Rock with You - Single Version; Michael Jackson; 54
Off the Wall; Michael Jackson; 90
Boogie Wonderland (with The Emotions); Earth, Wind & Fire; 66
Fantasy; Earth, Wind & Fire; 59
Shining Star; Earth, Wind & Fire; 56
Hot Stuff; Donna Summer; 77
I Feel Love; Donna Summer; 66
Bad Girls; Donna Summer; 69
MacArthur Park - Single Version; Donna Summer; 24
One Way Or Another - Remastered 2001; Blondie; 76
Call Me; Blondie; 87
Sunday Girl - Remastered 2001; Blondie; 71
Macho Man; Village People; 70
In The Navy; Village People; 74
Good Times; CHIC; 75
Everybody Dance - 2018 Remaster; CHIC; 42
Play That Funky Music; Wild Cherry; 81
Jungleland; Bruce Springsteen; 75
Badlands; Bruce Springsteen; 74
American Pie; Don McLean; 79
Maggie May; Rod Stewart; 66
Da Ya Think I'm Sexy?; Rod Stewart; 74
Sailing; Rod Stewart; 82
Brown Sugar - Remastered 2009; The Rolling Stones; 81
Angie - Remastered 2009; The Rolling Stones; 85
Miss You - Remastered; The Rolling Stones; 80
Tumbling Dice; The Rolling Stones; 74
Beast Of Burden - Remastered 1994; The Rolling Stones; 81
Riders on the Storm; The Doors; 84
L.A. Woman; The Doors; 70
Love Her Madly; The Doors; 71
Baba O'Riley; The Who; 76
Won't Get Fooled Again - Original Album Version; The Who; 46
Who Do You Think You Are; Spice Girls; 80
Behind Blue Eyes - Remastered 2022; The Who; 80
Sultans Of Swing; Dire Straits; 93
Roxanne; The Police; 90
Message In A Bottle; The Police; 88
Walking On The Moon; The Police; 82
Boys Don't Cry; The Cure; 75
Just What I Needed; The Cars; 67
My Best Friend's Girl; The Cars; 56
Let's Go; The Cars; 49
Train in Vain (Stand by Me) - Remastered; The Clash; 75
Blitzkrieg Bop - 2016 Remaster; Ramones; 38
I Wanna Be Sedated; Ramones; 82
God Save The Queen; Sex Pistols; 84
Anarchy In The UK; Sex Pistols; 78
Lust For Life; Iggy Pop; 83
The Passenger; Iggy Pop; 86
Walk On the Wild Side; Lou Reed; 76
Psycho Killer; Talking Heads; 83
Heart of Gold; Neil Young; 82
Old Man; Neil Young; 82
Rockin' in the Free World; Neil Young; 37
A Horse with No Name; America; 74
Sister Golden Hair; America; 70
Ventura Highway; America; 72
Dust in the Wind; Kansas; 90
Carry on Wayward Son; Kansas; 89
More Than a Feeling; Boston; 87
Peace of Mind; Boston; 79
Don't Look Back; Boston; 61
Black Water; The Doobie Brothers; 72
Listen to the Music; The Doobie Brothers; 82
Long Train Runnin'; The Doobie Brothers; 64
What a Fool Believes; The Doobie Brothers; 84
My Sharona; The Knack; 83
Pop Muzik; M / Robin Scott; 56
Video Killed The Radio Star; The Buggles; 86
Brass in Pocket - 2018 Remaster; Pretenders; 31
I Was Made For Lovin' You; KISS; 78
Rock And Roll All Nite - 2025 Remaster; KISS; 47
Detroit Rock City; KISS; 72
Paranoid - 2009 Remaster; Black Sabbath; 53
Iron Man - 2009 Remaster; Black Sabbath; 44
War Pigs - 2009 Remaster; Black Sabbath; 59
Smoke On The Water - Remastered 2012; Deep Purple; 84
Highway Star - Remastered 2012; Deep Purple; 84
Child in Time - 1995 Remaster; Deep Purple; 31
Free Bird; Lynyrd Skynyrd; 84
Simple Man; Lynyrd Skynyrd; 82
Ramblin' Man; Allman Brothers Band; 61
Midnight Rider; Allman Brothers Band; 47
Tush (2006 Remaster); ZZ Top; 79
La Grange (2005 Remaster); ZZ Top; 87
Walk This Way; Aerosmith; 88
Dream On; Aerosmith; 81
Sweet Emotion; Aerosmith; 83
Barracuda; Heart; 87
Crazy On You; Heart; 79
Magic Man; Heart; 74
Because the Night; Patti Smith; 73
Rebel Rebel - 2016 Remaster; David Bowie; 38
Changes - 2015 Remaster; David Bowie; 43
Fame - 2016 Remaster; David Bowie; 30
Young Americans - 2016 Remaster; David Bowie; 44
Let's Get It On; Marvin Gaye; 68
Mercy Mercy Me (The Ecology); Marvin Gaye; 60
Sexual Healing; Marvin Gaye; 88
Superfly; Curtis Mayfield; 60
Move on Up - Single Edit; Curtis Mayfield; 41
Theme From Shaft - Remastered 2009; Isaac Hayes; 61
Just My Imagination (Running Away With Me); The Temptations; 61
Papa Was A Rollin' Stone - Single Version; The Temptations; 39
Midnight Train to Georgia; Gladys Knight & The Pips; 55
Killing Me Softly With His Song; Roberta Flack; 79
The First Time Ever I Saw Your Face; Roberta Flack; 77
Ain't No Sunshine; Bill Withers; 74
Lean on Me; Bill Withers; 70
Lovely Day; Bill Withers; 75
Use Me; Bill Withers; 77
You're The One That I Want - From “Grease”; John Travolta; 48
Summer Nights - From “Grease”; John Travolta; 45
Greased Lightnin' - From “Grease”; John Travolta; 50
Hopelessly Devoted To You - From “Grease”; Olivia Newton-John; 44
Take Me Home, Country Roads; John Denver; 73
Annie's Song; John Denver; 65
Rocky Mountain High; John Denver; 76
A Boy Named Sue - Live at San Quentin State Prison, San Quentin, CA - February 1969; Johnny Cash; 77
Margaritaville; Jimmy Buffett; 78
Changes In Latitudes, Changes In Attitudes; Jimmy Buffett; 32
Piano Man; Billy Joel; 92
Just the Way You Are; Billy Joel; 82
Movin' Out (Anthony's Song); Billy Joel; 42
Only the Good Die Young; Billy Joel; 71
She's Always a Woman; Billy Joel; 60
Bennie And The Jets - Remastered 2014; Elton John; 82
Crocodile Rock; Elton John; 81
Goodbye Yellow Brick Road - Remastered 2014; Elton John; 81
Don't Go Breaking My Heart; Elton John; 87
I Shot The Sheriff; Eric Clapton; 85
Wonderful Tonight; Eric Clapton; 88
Lay Down Sally; Eric Clapton; 80
Jamming; Bob Marley & The Wailers; 62
Three Little Birds; Bob Marley & The Wailers; 69
Is This Love; Bob Marley & The Wailers; 89
Stir It Up - Jamaican Version; Bob Marley & The Wailers; 27
Could You Be Loved; Bob Marley & The Wailers; 67
Rich Girl; Daryl Hall & John Oates; 53
Sara Smile; Daryl Hall & John Oates; 61
Maneater; Daryl Hall & John Oates; 71
You Make My Dreams (Come True); Daryl Hall & John Oates; 66
September Gurls; Big Star; 65
Thirteen; Big Star; 71
Fox on the Run - Single Version; Sweet; 45
The Ballroom Blitz; Sweet; 64
Blockbuster; Sweet; 64
Cum on Feel the Noize; Slade; 70
Merry Xmas Everybody; Slade; 77
Get It On; T. Rex; 57
Children of the Revolution - Remaster; T. Rex; 73
20th Century Boy - Remaster; T. Rex; 70
School's Out; Alice Cooper; 64
No More Mr. Nice Guy; Alice Cooper; 60
Poison; Alice Cooper; 89
Radar Love; Golden Earring; 82
Blinded by the Light; Manfred Mann's Earth Band; 70
Davy's on the Road Again; Manfred Mann's Earth Band; 54
Locomotive Breath; Jethro Tull; 72
Aqualung; Jethro Tull; 78
Thick as a Brick (Pt. I) - 1997 Remaster; Jethro Tull; 41
All Right Now; Free; 73
Feel like Makin' Love - 2015 Remaster; Bad Company; 55
Can't Get Enough - 2015 Remaster; Bad Company; 39
Slow Ride - Edit; Foghat; 35
Fool for the City - 2016 Remaster; Foghat; 27
Frankenstein; The Edgar Winter Group; 60
Free Ride; The Edgar Winter Group; 66
Smokin' in the Boy's Room; Brownsville Station; 47
Cat Scratch Fever; Ted Nugent; 74
Stranglehold; Ted Nugent; 68
Black Betty; Ram Jam; 90
The Boys Are Back In Town; Thin Lizzy; 77
Whiskey In The Jar; Thin Lizzy; 71
Dancing In The Moonlight; King Harvest; 73
Brandy (You're a Fine Girl); Looking Glass; 71
The Joker; Steve Miller Band; 85
Fly Like An Eagle; Steve Miller Band; 68
Rock'n Me; Steve Miller Band; 53
Take The Money And Run; Steve Miller Band; 72
Give Up The Funk (Tear The Roof Off The Sucker); Parliament; 46
Flash Light; Parliament; 63
One Nation Under a Groove; Funkadelic; 77
Love Rollercoaster; Ohio Players; 58
Fire; Ohio Players; 73
Brick House; Commodores; 78
Easy; Commodores; 77
Three Times A Lady; Commodores; 63
Lady Marmalade; Patti LaBelle; 63
That's the Way (I Like It) - 2004 Remaster; KC & The Sunshine Band; 52
Get Down Tonight - 2004 Remaster; KC & The Sunshine Band; 49
(Shake, Shake, Shake) Shake Your Booty; KC & The Sunshine Band; 27
Disco Inferno; The Trammps; 48
Turn the Beat Around; Vicki Sue Robinson; 64
Knock on Wood - 1985 7 Remix; Amii Stewart; 48
Don't Leave Me This Way; Thelma Houston; 62
Bad Company; Bad Company; 73
I Love The Nightlife (Disco 'Round) - Single Version; Alicia Bridges; 43
Ring My Bell; Anita Ward; 75
Funkytown; Lipps Inc.; 81
Atomic; Blondie; 81
Denis; Blondie; 75
Beat It; Michael Jackson; 96
Thriller; Michael Jackson; 96
Smooth Criminal - 2012 Remaster; Michael Jackson; 68
Take on Me; a-ha; 98
Sweet Dreams (Are Made of This) - 2005 Remaster; Eurythmics; 56
Like a Virgin; Madonna; 87
Material Girl; Madonna; 89
Like a Prayer; Madonna; 92
Into the Groove; Madonna; 85
You Give Love A Bad Name; Bon Jovi; 92
Welcome To The Jungle; Guns N' Roses; 94
Paradise City; Guns N' Roses; 93
With Or Without You - Remastered 2007; U2; 91
I Still Haven't Found What I'm Looking For - Remastered 2007; U2; 77
Sunday Bloody Sunday - Remastered 2008; U2; 85
Pride (In The Name Of Love) - Remastered 2009; U2; 79
Purple Rain; Prince; 91
Kiss; Prince; 86
1999; Prince; 83
Little Red Corvette; Prince; 84
Girls Just Want to Have Fun; Cyndi Lauper; 96
Time After Time; Cyndi Lauper; 92
True Colors; Cyndi Lauper; 87
Wake Me Up Before You Go Go; Wham!; 92
Careless Whisper - Remastered; George Michael; 97
Faith - Remastered; George Michael; 84
Father Figure - Remastered; George Michael; 85
I Wanna Dance with Somebody (Who Loves Me); Whitney Houston; 75
How Will I Know; Whitney Houston; 86
Saving All My Love for You; Whitney Houston; 84
Another One Bites The Dust - Remastered 2011; Queen; 93
Under Pressure - Remastered 2011; Queen; 91
Radio Ga Ga - Remastered 2011; Queen; 90
I Want To Break Free - Single Remix; Queen; 54
Let's Dance - 2018 Remaster; David Bowie; 49
Modern Love - 2018 Remaster; David Bowie; 48
Ashes to Ashes - 2017 Remaster; David Bowie; 45
Born in the U.S.A.; Bruce Springsteen; 80
Dancing In the Dark; Bruce Springsteen; 92
I'm On Fire; Bruce Springsteen; 87
Glory Days; Bruce Springsteen; 84
Money For Nothing - Remastered 1996; Dire Straits; 89
Walk Of Life - Remastered 1996; Dire Straits; 89
Brothers In Arms - Remastered 1996; Dire Straits; 88
Romeo And Juliet; Dire Straits; 83
Africa; TOTO; 96
Rosanna; TOTO; 87
Eye of the Tiger; Survivor; 95
Summer Of '69; Bryan Adams; 75
Heaven; Bryan Adams; 89
Run To You; Bryan Adams; 85
In The Air Tonight - 2015 Remastered; Phil Collins; 62
Against All Odds (Take a Look at Me Now) - 2016 Remaster; Phil Collins; 49
Easy Lover; Philip Bailey; 84
You Can't Hurry Love - 2016 Remaster; Phil Collins; 45
Sussudio - 2016 Remaster; Phil Collins; 48
Invisible Touch - 2007 Remaster; Genesis; 46
Land of Confusion - 2007 Remaster; Genesis; 47
Everybody Wants To Rule The World; Tears For Fears; 95
Shout; Tears For Fears; 89
Head Over Heels - Dave Bascombe 7 N.Mix; Tears For Fears; 62
Mad World; Tears For Fears; 84
Should I Stay or Should I Go - Remastered; The Clash; 70
Rock the Casbah - Remastered; The Clash; 77
Pour Some Sugar On Me - Remastered 2017; Def Leppard; 87
Photograph; Def Leppard; 79
Animal; Def Leppard; 79
Jump - 2015 Remaster; Van Halen; 64
Panama - 2015 Remaster; Van Halen; 48
Hot for Teacher - 2015 Remaster; Van Halen; 47
Walk This Way (feat. Aerosmith); Run–D.M.C.; 71
Dude (Looks Like A Lady); Aerosmith; 76
Love In An Elevator - Single Version; Aerosmith; 48
Janie's Got A Gun; Aerosmith; 72
Danger Zone - From Top Gun Original Soundtrack; Kenny Loggins; 51
Footloose; Kenny Loggins; 87
Ghostbusters; Ray Parker Jr.; 86
The Power Of Love; Huey Lewis & The News; 64
I Want to Know What Love Is - 1999 Remaster; Foreigner; 66
Waiting for a Girl like You; Foreigner; 74
Any Way You Want It; Journey; 84
Separate Ways (Worlds Apart) [2023 Remaster]; Journey; 51
Open Arms (2022 Remaster); Journey; 84
Here I Go Again - 1987 Version / 2018 Remaster; Whitesnake; 51
Is This Love - 2018 Remaster; Whitesnake; 52
Every Rose Has Its Thorn - 2003 Remaster; Poison; 50
Nothin' But A Good Time - Remastered 2006; Poison; 64
Tainted Love; Soft Cell; 87
Don't You (Forget About Me); Simple Minds; 62
Alive And Kicking; Simple Minds; 84
Karma Chameleon - Remastered 2002; Culture Club; 92
I Ran (So Far Away); A Flock Of Seagulls; 42
Blue Monday; New Order; 82
Bizarre Love Triangle - 2024 Digital Master; New Order; 57
Just Can't Get Enough; Depeche Mode; 72
People Are People; Depeche Mode; 75
Personal Jesus - Single Version; Depeche Mode; 29
Never Let Me Down Again; Depeche Mode; 64
Relax (Come Fighting); Frankie Goes To Hollywood; 83
The Power Of Love; Frankie Goes To Hollywood; 80
Come On Eileen; Dexys Midnight Runners; 86
It's a Sin - 2018 Remaster; Pet Shop Boys; 52
West End Girls - 2018 Remaster; Pet Shop Boys; 52
Always on My Mind; Pet Shop Boys; 77
Don't You Want Me - Purple Disco Machine Remix; The Human League; 36
Together In Electric Dreams - Remastered 2003 / From Electric Dreams Original Motion Picture Soundtrack; Phil Oakey; 77
Enola Gay - Remastered 2003; Orchestral Manoeuvres In The Dark; 82
If You Leave; Orchestral Manoeuvres In The Dark; 79
True - 2003 Remaster; Spandau Ballet; 53
Gold; Spandau Ballet; 83
Hungry Like the Wolf - 2009 Remaster; Duran Duran; 48
Rio - 2009 Remaster; Duran Duran; 25
The Reflex - Single Version 2010 Remaster; Duran Duran; 46
Save a Prayer - 2009 Remaster; Duran Duran; 51
A View to a Kill; Duran Duran; 78
We Built This City; Starship; 87
Nothing's Gonna Stop Us Now; Starship; 77
Sara; Starship; 81
Out of Touch; Daryl Hall & John Oates; 65
I Can't Go for That (No Can Do); Daryl Hall & John Oates; 64
Private Eyes; Daryl Hall & John Oates; 63
The Tide Is High - Edit; Blondie; 45
Rapture; Blondie; 82
Love Shack; The B-52's; 85
Roam; The B-52's; 59
Walk Like an Egyptian; The Bangles; 88
Manic Monday; The Bangles; 85
Eternal Flame; The Bangles; 68
Heaven Is a Place on Earth - Promo 7 Edit; Belinda Carlisle; 50
I Think We're Alone Now; Tiffany; 72
Never Gonna Give You Up; Rick Astley; 97
Together Forever; Rick Astley; 84
Straight Up; Paula Abdul; 82
Opposites Attract; Paula Abdul; 70
All Night Long (All Night) - Single Version; Lionel Richie; 52
Hello; Lionel Richie; 88
Dancing On The Ceiling; Lionel Richie; 77
Say You, Say Me; Lionel Richie; 79
Upside Down; Diana Ross; 72
I'm Coming Out; Diana Ross; 71
Let's Groove; Earth, Wind & Fire; 67
Celebration; Kool & The Gang; 89
Get Down On It; Kool & The Gang; 86
Fresh; Kool & The Gang; 85
Give It Up; KC & The Sunshine Band; 72
Super Freak; Rick James; 87
It Takes Two; Rob Base & DJ EZ Rock; 49
Push It; Salt-N-Pepa; 87
Fight For Your Right; Beastie Boys; 85
No Sleep Till Brooklyn; Beastie Boys; 84
It's Tricky; Run–D.M.C.; 62
Straight Outta Compton; N.W.A.; 72
Express Yourself - Remix; N.W.A.; 48
The Message - Extended Version; Grandmaster Flash & The Furious Five; 43
White Lines (Don't Do It); Grandmaster Flash; 59
Bust A Move; Young MC; 72
Wild Thing; Tone-Loc; 52
Me Myself and I; De La Soul; 75
Fight The Power; Public Enemy; 80
Bette Davis Eyes; Kim Carnes; 89
Total Eclipse of the Heart; Bonnie Tyler; 96
Holding Out for a Hero - From Footloose Soundtrack; Bonnie Tyler; 53
I Love Rock 'N Roll; Joan Jett & the Blackhearts; 61
Bad Reputation; Joan Jett & the Blackhearts; 42
Centerfold; The J. Geils Band; 82
You Can Call Me Al; Paul Simon; 88
Sledgehammer; Peter Gabriel; 84
In Your Eyes; Peter Gabriel; 80
Running Up That Hill (A Deal With God); Kate Bush; 77
Babooshka - 2018 Remaster; Kate Bush; 48
Under the Milky Way; The Church; 81
Down Under; Men At Work; 93
Who Can It Be Now?; Men At Work; 83
Need You Tonight; INXS; 84
New Sensation; INXS; 80
Never Tear Us Apart; INXS; 87
What You Need; INXS; 56
Free Fallin'; Tom Petty; 89
I Won't Back Down; Tom Petty; 68
Runnin' Down A Dream; Tom Petty; 66
You Got It; Roy Orbison; 79
Got My Mind Set on You; George Harrison; 83
The Boys Of Summer - Remastered 2024; Don Henley; 86
Dirty Laundry; Don Henley; 68
Jack & Diane; John Mellencamp; 62
Hurts So Good; John Mellencamp; 81
Pink Houses; John Mellencamp; 80
Addicted To Love; Robert Palmer; 84
Simply Irresistible; Robert Palmer; 78
Let's Hear It for the Boy - From Footloose Original Soundtrack; Deniece Williams; 49
Holding Back the Years - 2008 Remaster; Simply Red; 52
If You Don't Know Me by Now - 2008 Remaster; Simply Red; 51
Red Red Wine; UB40; 88
Here I Am (Come And Take Me); UB40; 64
Do They Know It's Christmas? - 1984 Version; Band Aid; 45
We Are The World; U.S.A. For Africa; 52
99 Luftballons; Nena; 87
Der Kommissar; Falco; 81
Rock Me Amadeus; Falco; 74
Major Tom (Coming Home); Peter Schilling; 69
The Safety Dance; Men Without Hats; 81
Somebody's Watching Me; Rockwell; 76
Break My Stride; Matthew Wilder; 76
You Spin Me Round (Like a Record); Dead Or Alive; 71
Never Ending Story; Limahl; 83
Tarzan Boy; Baltimora; 80
Maria Magdalena; Sandra; 74
You're My Heart, You're My Soul; Modern Talking; 74
Brother Louie; Modern Talking; 89
Cheri Cheri Lady; Modern Talking; 92
Touch Me (I Want Your Body); Samantha Fox; 65
I Should Be so Lucky; Kylie Minogue; 76
Better The Devil You Know; Loco - Motion; 43
Whenever You Need Somebody; Rick Astley; 73
Venus; Bananarama; 82
Cruel Summer; Bananarama; 83
Kids In America; Kim Wilde; 75
You Keep Me Hangin On; Kim Wilde; 63
Cambodia - Single Version; Kim Wilde; 48
Owner of a Lonely Heart; Yes; 84
Heat Of The Moment; Asia; 79
The Final Countdown; Europe; 94
Carrie; Europe; 85
Sister Christian; Night Ranger; 81
Keep on Loving You; REO Speedwagon; 84
Can't Fight This Feeling; REO Speedwagon; 46
Faithfully (2023 Remaster); Journey; 65
We Belong; Pat Benatar; 83
Hit Me With Your Best Shot; Pat Benatar; 78
Love Is A Battlefield; Pat Benatar; 85
Shadows Of The Night; Pat Benatar; 73
Alone; Heart; 90
These Dreams; Heart; 82
I'm So Excited; The Pointer Sisters; 67
Jump (For My Love) - Single Remix; The Pointer Sisters; 47
Automatic; The Pointer Sisters; 69
Flashdance...What a Feeling - Radio Edit; Irene Cara; 68
Fame; Irene Cara; 65
Don't Give Up; Peter Gabriel & Kate Bush; 78
Sunglasses At Night; Corey Hart; 84
Everybody Hurts; R.E.M.; 74
Man On The Moon; R.E.M.; 82
Karma Police; Radiohead; 91
Paranoid Android; Radiohead; 64
Give It Away; Red Hot Chili Peppers; 87
Scar Tissue; Red Hot Chili Peppers; 94
Californication; Red Hot Chili Peppers; 97
Basket Case; Green Day; 92
When I Come Around; Green Day; 88
Good Riddance (Time of Your Life); Green Day; 83
Self Esteem; The Offspring; 88
The Kids Aren't Alright; The Offspring; 76
Pretty Fly (For A White Guy); The Offspring; 70
All The Small Things; blink-182; 93
What's My Age Again?; blink-182; 72
Don't Look Back In Anger - Remastered; Oasis; 80
Champagne Supernova - Remastered; Oasis; 89
Bitter Sweet Symphony - Remastered 2016; The Verve; 94
Song 2 - 2012 Remaster; Blur; 52
Girls & Boys; Blur; 68
Parklife - 2012 Remaster; Blur; 45
Common People - Full Length Version; Pulp; 58
Zombie - 2025 Remastered; The Cranberries; 58
Linger; The Cranberries; 93
Dreams; The Cranberries; 91
Don't Speak; No Doubt; 95
Just A Girl; No Doubt; 88
Spiderwebs; No Doubt; 81
You Oughta Know - 2015 Remaster; Alanis Morissette; 50
Ironic - 2015 Remaster; Alanis Morissette; 53
Hand in My Pocket - 2015 Remaster; Alanis Morissette; 48
Torn; Natalie Imbruglia; 76
What's Up?; 4 Non Blondes; 96
Two Princes; Spin Doctors; 69
Runaway Train (2022 Remaster); Soul Asylum; 88
Mr. Jones; Counting Crows; 91
Iris; The Goo Goo Dolls; 94
Slide; The Goo Goo Dolls; 82
Fly Away; Lenny Kravitz; 86
Are You Gonna Go My Way; Lenny Kravitz; 85
All Star; Smash Mouth; 94
Walkin' On The Sun; Smash Mouth; 68
Steal My Sunshine; LEN; 65
Tubthumping - Radio Edit; Chumbawamba; 87
Breakfast At Tiffany's; Deep Blue Something; 70
One Week; Barenaked Ladies; 84
Closing Time; Semisonic; 87
(You Drive Me) Crazy; Britney Spears; 81
Sometimes; Britney Spears; 88
Wannabe; Spice Girls; 94
Spice Up Your Life; Spice Girls; 82
Say You'll Be There; Spice Girls; 83
Stop; Spice Girls; 82
2 Become 1; Spice Girls; 83
I Want It That Way; Backstreet Boys; 98
Everybody (Backstreet's Back) - Radio Edit; Backstreet Boys; 88
As Long as You Love Me; Backstreet Boys; 91
Quit Playing Games (With My Heart); Backstreet Boys; 82
Larger Than Life; Backstreet Boys; 76
Tearin' up My Heart - Radio Edit; *NSYNC; 66
I Want You Back - Radio Edit; *NSYNC; 72
MMMBop; Hanson; 87
Barbie Girl; Aqua; 96
Doctor Jones; Aqua; 82
Blue (Da Ba Dee) - Gabry Ponte Ice Pop Radio; Eiffel 65; 53
Rhythm Is a Dancer; SNAP!; 82
The Power (7 Version); SNAP!; 79
What Is Love - 7 Mix; Haddaway; 64
Mr. Vain - Original Radio Edit; Culture Beat; 49
Be My Lover; La Bouche; 86
Sweet Dreams; La Bouche; 80
Cotton Eye Joe; Rednex; 89
Mambo No. 5 (a Little Bit of...); Lou Bega; 59
Macarena; Los Del Rio; 76
Bailando; Paradisio; 82
Boom, Boom, Boom, Boom!!; Vengaboys; 73
We Like To Party! (The Vengabus); Vengaboys; 70
Freed From Desire; Gala; 89
Show Me Love; Robin S; 85
Finally - 7 Mix Without Rap; CeCe Peniston; 48
Gypsy Woman (She's Homeless) (La Da Dee La Da Da) - Basement Boy Strip To The Bone Mix; Crystal Waters; 51
Gonna Make You Sweat (Everybody Dance Now) (feat. Freedom Williams); C & C Music Factory; 73
No Limit; 2 Unlimited; 73
Get Ready For This - Rio & Le Jean Remix '92; 2 Unlimited; 27
Believe; Cher; 92
Vogue; Madonna; 70
Ray of Light; Madonna; 82
Frozen; Madonna; 89
Black or White; Michael Jackson; 92
Remember the Time; Michael Jackson; 92
They Don't Care About Us; Michael Jackson; 95
Earth Song; Michael Jackson; 91
Scream; Michael Jackson; 86
Together Again; Janet Jackson; 80
That's The Way Love Goes; Janet Jackson; 64
Fantasy; Mariah Carey; 88
Always Be My Baby; Mariah Carey; 90
Hero; Mariah Carey; 90
Vision of Love; Mariah Carey; 80
Without You; Mariah Carey; 90
I Have Nothing; Whitney Houston; 94
I'm Every Woman; Whitney Houston; 49
My Heart Will Go On - Love Theme from Titanic; Céline Dion; 64
Because You Loved Me (Theme from Up Close and Personal); Céline Dion; 68
It's All Coming Back to Me Now; Céline Dion; 84
Unpretty; TLC; 55
Say My Name; Destiny's Child; 92
Bills, Bills, Bills; Destiny's Child; 56
The Boy Is Mine; Brandy; 88
Return of the Mack; Mark Morrison; 90
This Is How We Do It; Montell Jordan; 88
Pony; Ginuwine; 89
Too Close; Next; 85
I Believe I Can Fly; R. Kelly; 71
My Name Is; Eminem; 92
Juicy - 2005 Remaster; The Notorious B.I.G.; 55
Hypnotize - 2014 Remaster; The Notorious B.I.G.; 50
Big Poppa - 2005 Remaster; The Notorious B.I.G.; 54
Mo Money Mo Problems (feat. Puff Daddy & Mase) - 2014 Remaster; The Notorious B.I.G.; 23
Changes; 2Pac; 92
Dear Mama; 2Pac; 92
Hit 'Em Up - Single Version; 2Pac; 56
Gangsta's Paradise; Coolio; 97
Fantastic Voyage; Coolio; 72
C.R.E.A.M. (Cash Rules Everything Around Me); Wu-Tang Clan; 71
Protect Ya Neck; Wu-Tang Clan; 84
It Was A Good Day; Ice Cube; 93
Regulate; Warren G; 91
Gin and Juice; Snoop Dogg; 87
Who Am I (What’s My Name)?; Snoop Dogg; 78
Doo Wop (That Thing); Ms. Lauryn Hill; 67
Killing Me Softly With His Song; Fugees; 94
Ready or Not; Fugees; 90
Insane in the Brain; Cypress Hill; 89
Jump Around - 30 Years Remaster; House Of Pain; 61
Can I Kick It?; A Tribe Called Quest; 77
Scenario (feat. Busta Rhymes, Dinco D & Charlie Brown) - LP Mix; A Tribe Called Quest; 46
U Can't Touch This; MC Hammer; 92
Shoop; Salt-N-Pepa; 86
Whatta Man; Salt-N-Pepa; 75
Let's Talk About Sex; Salt-N-Pepa; 64
I Got 5 On It; Luniz; 85
Scatman (Ski-Ba-Bop-Ba-Dop-Bop); Scatman John; 71
Ex-Factor; Ms. Lauryn Hill; 69
California Love (feat. Dr. Dre); 2Pac; 86
Nuthin' But A 'G' Thang; Dr. Dre; 63
Still D.R.E. (feat. Snoop Dogg); Dr. Dre; 86
Forgot About Dre (feat. Eminem); Dr. Dre; 91
No Diggity; Blackstreet; 92
Un-Break my Heart; Toni Braxton; 83
Ruff Ryders' Anthem; DMX; 70
Party Up (Up In Here); DMX; 73
Hard Knock Life (Ghetto Anthem); JAŸ-Z; 42
Smooth (feat. Rob Thomas); Santana; 88
Maria Maria (feat. The Product G&B); Santana; 90
Livin' la Vida Loca; Ricky Martin; 68
The Cup of Life (The Official Song of the World Cup, France '98) - Remix - English Radio Edit; Ricky Martin; 58
Waiting for Tonight; Jennifer Lopez; 84
If You Had My Love; Jennifer Lopez; 86
What a Girl Wants; Christina Aguilera; 60
Livin' On The Edge; Aerosmith; 70
Crazy; Aerosmith; 91
Cryin'; Aerosmith; 57
I Don't Want To Miss A Thing - From Armageddon Soundtrack; Aerosmith; 55
November Rain; Guns N' Roses; 97
Don't Cry (Original); Guns N' Roses; 79
You Could Be Mine; Guns N' Roses; 80
Wind Of Change; Scorpions; 95
Send Me An Angel; Scorpions; 70
Nothing Compares 2 U; Sinéad O'Connor; 90
Kiss from a Rose; Seal; 82
Crazy; Seal; 83
It Must Have Been Love - From the Film Pretty Woman; Roxette; 56
Joyride; Roxette; 81
Listen To Your Heart; Roxette; 90
The Sign; Ace of Base; 86
All That She Wants; Ace of Base; 88
Beautiful Life; Ace of Base; 84
Lovefool; The Cardigans; 89
Save Tonight; Eagle-Eye Cherry; 87
Bitch; Meredith Brooks; 85
Give Me One Reason; Tracy Chapman; 83
(Everything I Do) I Do It For You; Bryan Adams; 85
Please Forgive Me (Classic Version); Bryan Adams; 90
Tears in Heaven; Eric Clapton; 88
Change the World; Eric Clapton; 64
Fields Of Gold; Sting; 87
Shape Of My Heart; Sting; 90
Friday I'm In Love; The Cure; 76
Enjoy the Silence; Depeche Mode; 92
Black Velvet; Alannah Myles; 87
Walking in Memphis; Marc Cohn; 82
Right Here Right Now; Jesus Jones; 71
I'm Too Sexy; Right Said Fred; 60
Informer; Snow; 85
Sweat (A La La La La Long); Inner Circle; 70
Boombastic; Shaggy; 88
Here Comes the Hotstepper - Heartical Mix; iNi Kamoze; 50
I Like to Move It (feat. The Mad Stuntman) - Erick More Album Mix; Reel 2 Real; 47
Mysterious Girl - Radio Edit; Peter Andre; 82
You're Still The One; Shania Twain; 90
That Don't Impress Me Much - International Mix; Shania Twain; 51
Man! I Feel Like A Woman!; Shania Twain; 55
Achy Breaky Heart; Billy Ray Cyrus; 85
Friends In Low Places - Live; Garth Brooks; 60
The Dance - Live; Garth Brooks; 70
Praise You; Fatboy Slim; 80
The Rockafeller Skank; Fatboy Slim; 82
Hey Boy Hey Girl - ARTBAT Remix; The Chemical Brothers; 30
Firestarter; The Prodigy; 88
Breathe; The Prodigy; 68
Smack My Bitch Up; The Prodigy; 69
Born Slippy (Nuxx); Underworld; 66
Insomnia - Radio Edit; Faithless; 86
Children; Robert Miles; 71
Sandstorm; Darude; 77
Better Off Alone; Alice Deejay; 89
9Pm (Till I Come); ATB; 62
Sing Hallelujah!; Dr. Alban; 71
It's My Life; Dr. Alban; 70
Coco Jamboo; Mr. President; 86
Good Vibrations; Marky Mark And The Funky Bunch; 79
Keep On Movin'; Five; 70
Everybody Get Up - Radio Edit; Five; 76
Ghetto Supastar (That Is What You Are); Pras Michel; 76
I'll Be Missing You (feat. Faith Evans, 112); Diddy; 66
Gettin' Jiggy Wit It; Will Smith; 69
Men In Black - From Men In Black Soundtrack; Will Smith; 51
Miami; Will Smith; 85
Summertime; DJ Jazzy Jeff & The Fresh Prince; 64
Baby Got Back; Sir Mix-A-Lot; 66
Whoomp! There It Is - Radio Edit; Tag Team; 58
Thong Song; Sisqo; 83
Bailamos - From Wild Wild West; Enrique Iglesias; 51
Truly Madly Deeply; Savage Garden; 90
To the Moon & Back; Savage Garden; 68
As I Lay Me Down; Sophie B. Hawkins; 75
If It Makes You Happy; Sheryl Crow; 84
All I Wanna Do; Sheryl Crow; 79
Kiss Me; Sixpence None The Richer; 84
One Of Us; Joan Osborne; 85
Stay (I Missed You); Lisa Loeb & Nine Stories; 60
Fade Into You; Mazzy Star; 90
No Rain; Blind Melon; 86
Buddy Holly; Weezer; 88
Say It Ain't So - Original Mix; Weezer; 51
Everlong; Foo Fighters; 93
Learn to Fly; Foo Fighters; 89
Santa Monica; Everclear; 82
Glycerine - Remastered; Bush; 86
Machinehead - Remastered 2014; Bush; 80
Shine; Collective Soul; 84
Push; Matchbox Twenty; 87
3AM; Matchbox Twenty; 72
Sex & Candy; Marcy Playground; 64
You Get What You Give; New Radicals; 89
Fly; Sugar Ray; 80
Every Morning; Sugar Ray; 82
How Bizarre; OMC; 82
Love Is All Around - From Four Weddings And A Funeral; Wet Wet Wet; 50
Angels; Robbie Williams; 89
Let Me Entertain You; Robbie Williams; 79
Back for Good - Radio Mix; Take That; 51
Never Forget - Single Version; Take That; 39
Never Ever; All Saints; 78
Captain Jack; Captain Jack; 72
Run-Around; Blues Traveler; 77
Hey Ya!; Outkast; 95
Ms. Jackson; Outkast; 62
Lose Yourself; Eminem; 96
Without Me; Eminem; 100
The Real Slim Shady; Eminem; 98
Stan; Eminem; 96
In Da Club; 50 Cent; 99
Candy Shop; 50 Cent; 95
Yeah! (feat. Lil Jon & Ludacris); USHER; 91
Burn; USHER; 91
Womanizer; Britney Spears; 91
Cry Me a River; Justin Timberlake; 92
SexyBack (feat. Timbaland); Justin Timberlake; 90
Rock Your Body; Justin Timberlake; 90
What Goes Around.../...Comes Around (Interlude); Justin Timberlake; 54
Umbrella - Radio Edit; Rihanna; 96
Don't Stop The Music; Rihanna; 78
Disturbia; Rihanna; 90
Pon de Replay; Rihanna; 89
Just Dance; Lady Gaga; 93
Paparazzi; Lady Gaga; 93
I Kissed A Girl; Katy Perry; 92
Hot N Cold; Katy Perry; 95
TiK ToK; Kesha; 93
I Gotta Feeling; Black Eyed Peas; 95
Where Is The Love?; Black Eyed Peas; 93
Boom Boom Pow; Black Eyed Peas; 91
Pump It; Black Eyed Peas; 69
Hips Don't Lie (feat. Wyclef Jean); Shakira; 94
Whenever, Wherever; Shakira; 79
Empire State Of Mind; JAŸ-Z; 71
99 Problems; JAŸ-Z; 61
Stronger; Kanye West; 94
Heartless; Kanye West; 92
Jesus Walks; Kanye West; 86
Drop It Like It's Hot; Snoop Dogg; 75
Fallin'; Alicia Keys; 90
No One; Alicia Keys; 93
If I Ain't Got You; Alicia Keys; 77
Ignition - Remix; R. Kelly; 50
Hot In Herre; Nelly; 89
Dilemma (feat. Kelly Rowland); Nelly; 96
Maneater; Nelly Furtado; 89
Say It Right; Nelly Furtado; 94
The Way I Are; Timbaland; 93
Apologize (feat. OneRepublic); Timbaland; 91
Family Affair; Mary J. Blige; 93
Bleeding Love; Leona Lewis; 89
Girlfriend; Avril Lavigne; 93
Get the Party Started; P!nk; 83
So What; P!nk; 90
Just Like a Pill; P!nk; 59
Hollaback Girl; Gwen Stefani; 91
The Sweet Escape; Gwen Stefani; 90
Can't Get You out of My Head; Kylie Minogue; 92
Hung Up; Madonna; 91
Popular (with Playboi Carti & Madonna) - From The Idol Vol. 1 (Music from the HBO Original Series); The Weeknd; 50
Survivor; Destiny's Child; 89
Independent Women, Pt. 1 - Pasadena Remix; Destiny's Child; 49
Bootylicious; Destiny's Child; 81
Bye Bye Bye; *NSYNC; 65
It's Gonna Be Me; *NSYNC; 52
Shape of My Heart; Backstreet Boys; 88
It Wasn't Me; Shaggy; 91
Angel; Shaggy; 91
Temperature; Sean Paul; 92
Get Busy; Sean Paul; 89
Let Me Love You; Mario; 93
Beautiful Girls; Sean Kingston; 96
Crank That (Soulja Boy); Soulja Boy; 87
Low (feat. T-Pain); Flo Rida; 91
Right Round; Flo Rida; 89
You're Beautiful; James Blunt; 81
Bad Day; Daniel Powter; 90
Chasing Cars; Snow Patrol; 93
How to Save a Life; The Fray; 92
Over My Head (Cable Car); The Fray; 81
Clocks; Coldplay; 93
Mr. Brightside; The Killers; 63
Somebody Told Me; The Killers; 91
When You Were Young; The Killers; 89
Human; The Killers; 89
Seven Nation Army; The White Stripes; 95
Fell In Love With a Girl; The White Stripes; 83
Take Me Out; Franz Ferdinand; 90
I Bet You Look Good On The Dancefloor; Arctic Monkeys; 86
Fluorescent Adolescent; Arctic Monkeys; 92
Last Nite; The Strokes; 88
Reptilia; The Strokes; 90
Someday; The Strokes; 88
Are You Gonna Be My Girl; Jet; 89
Sex on Fire; Kings of Leon; 94
Use Somebody; Kings of Leon; 92
Boulevard of Broken Dreams; Green Day; 71
American Idiot; Green Day; 92
Wake Me up When September Ends; Green Day; 91
Holiday; Green Day; 89
In the End; Linkin Park; 99
Numb; Linkin Park; 99
Crawling; Linkin Park; 92
What I've Done; Linkin Park; 93
Bring Me To Life; Evanescence; 98
My Immortal; Evanescence; 94
Chop Suey!; System Of A Down; 97
Toxicity; System Of A Down; 74
Last Resort; Papa Roach; 92
How You Remind Me; Nickelback; 92
Photograph - 2020 Remaster; Nickelback; 49
It's My Life; Bon Jovi; 60
By the Way; Red Hot Chili Peppers; 75
Dani California; Red Hot Chili Peppers; 1
Can't Stop; Red Hot Chili Peppers; 1
Snow (Hey Oh); Red Hot Chili Peppers; 1
All My Life; Foo Fighters; 1
The Pretender; Foo Fighters; 1
Best of You; Foo Fighters; 1
No One Knows; Queens of the Stone Age; 1
Go With The Flow; Queens of the Stone Age; 1
Kryptonite; 3 Doors Down; 1
Here Without You; 3 Doors Down; 1
Wherever You Will Go; The Calling; 1
Drops of Jupiter (Tell Me); Train; 1
Hey, Soul Sister; Train; 76
She Will Be Loved - Radio Mix; Maroon 5; 56
This Love; Maroon 5; 92
Makes Me Wonder; Maroon 5; 86
Feel Good Inc.; Gorillaz; 97
Clint Eastwood; Gorillaz; 96
DARE (feat. Shaun Ryder & Roses Gabor); Gorillaz; 91
Kids; MGMT; 91
Time to Pretend; MGMT; 88
Electric Feel; MGMT; 90
Paper Planes; M.I.A.; 77
Fireflies; Owl City; 94
I'm Yours; Jason Mraz; 95
Hey There Delilah; Plain White T's; 89
Bubbly; Colbie Caillat; 88
Put Your Records On; Corinne Bailey Rae; 86
Valerie (feat. Amy Winehouse) - Version Revisited; Mark Ronson; 47
Rehab; Amy Winehouse; 82
Back To Black; Amy Winehouse; 97
Mercy; Duffy; 85
Crazy; Gnarls Barkley; 93
Fuck You; CeeLo Green; 86
Supermassive Black Hole; Muse; 88
Uprising; Muse; 90
Starlight; Muse; 89
Float On; Modest Mouse; 60
Dashboard; Modest Mouse; 81
Maps; Yeah Yeah Yeahs; 88
Heads Will Roll - A-Trak Remix Radio Edit; Yeah Yeah Yeahs; 34
First Date; blink-182; 68
I Miss You; blink-182; 94
The Anthem; Good Charlotte; 86
Lifestyles of the Rich & Famous; Good Charlotte; 60
Fat Lip; Sum 41; 88
In Too Deep; Sum 41; 59
Stacy's Mom; Fountains Of Wayne; 73
Teenage Dirtbag; Wheatus; 76
Dirty Little Secret; The All-American Rejects; 89
Gives You Hell; The All-American Rejects; 88
Sugar, We're Goin Down; Fall Out Boy; 66
Dance, Dance; Fall Out Boy; 75
Thnks fr th Mmrs; Fall Out Boy; 90
I Write Sins Not Tragedies; Panic! At The Disco; 93
Misery Business; Paramore; 92
Decode - Twilight Soundtrack Version; Paramore; 55
Welcome to the Black Parade; My Chemical Romance; 93
Teenagers; My Chemical Romance; 90
I'm Not Okay (I Promise); My Chemical Romance; 65
The Middle; Jimmy Eat World; 89
All These Things That I've Done; The Killers; 75
Daylight; Matt and Kim; 63
1901; Phoenix; 76
Lisztomania; Phoenix; 83
Young Folks; Peter Bjorn and John; 86
Jerk It Out; Caesars; 81
Standing In the Way of Control; Gossip; 50
Heavy Cross; Gossip; 82
Dance Wiv Me - Radio Edit; Dizzee Rascal; 75
Day 'N' Nite (Nightmare); Kid Cudi; 56
Pursuit Of Happiness (Nightmare); Kid Cudi; 71
A Milli; Lil Wayne; 87
Lollipop; Lil Wayne; 92
In My Head; Jason Derulo; 85
Whatcha Say; Jason Derulo; 88
Fire Burning (feat. Pitbull); Sean Kingston; 86
Lean Back; Terror Squad; 63
Touch The Sky; Kanye West; 85
Good Life; Kanye West; 89
Hate It Or Love It; The Game; 92
How We Do; The Game; 88
Foolish; Ashanti; 88
Ride Wit Me; Nelly; 89
Rock The Boat; Aaliyah; 80
Try Again; Aaliyah; 83
He Wasn't Man Enough; Toni Braxton; 53
Shackles (Praise You); Mary Mary; 59
White Flag; Dido; 91
Thank You (Not So Bad); Dimitri Vegas & Like Mike; 62
Out Of Reach; GABRIELLE; 80
Pure Shores; All Saints; 80
Whole Again; Atomic Kitten; 78
The Tide Is High - Radio Mix; Atomic Kitten; 61
Round Round; Sugababes; 78
Push The Button; Sugababes; 82
About You Now; Sugababes; 78
Sound Of The Underground; Girls Aloud; 76
Love Machine; Girls Aloud; 52
Piece of Me; Britney Spears; 87
Gimme More; Britney Spears; 91
Everytime; Britney Spears; 87
Call on Me - Radio Mix; Eric Prydz; 50
Satisfaction - Hardwell & Maddix Remix; David Guetta; 46
Dragostea din tei; O-Zone; 89
The Ketchup Song (Aserejé) - Spanglish Version; Las Ketchup; 64
Freestyler; Bomfunk MC's; 89
Heaven; DJ Sammy; 69
Castles In The Sky - Radio Mix; Ian van Dahl; 54
Everytime We Touch; Cascada; 83
Evacuate The Dancefloor - Radio Edit; Cascada; 79
Boten Anna - Radio edit; Basshunter; 78
Now You're Gone (feat. DJ Mental Theo's Bazzheadz) - Video Edit; Basshunter; 53
Destination Calabria - Radio Edit; Alex Gaudino; 83
Infinity 2008 - Klaas Vocal Edit; Guru Josh Project; 58
Stereo Love; Edward Maya; 91
Meet Me Halfway; Black Eyed Peas; 93
Gold Digger; Kanye West; 93
Promiscuous; Nelly Furtado; 95
American Boy; Estelle (feat. Kanye West); 92
Beautiful; Snoop Dogg (feat. Pharrell Williams); 88
Always on Time; Ja Rule (feat. Ashanti); 89
Mesmerize; Ja Rule (feat. Ashanti); 87
Photograph; Ed Sheeran; 80
Castle on the Hill; Ed Sheeran; 93
Locked out of Heaven; Bruno Mars; 96
That's What I Like; Bruno Mars; 78
Bad Blood; Taylor Swift; 95
Starboy; The Weeknd; 100
Can't Feel My Face; The Weeknd; 82
The Hills; The Weeknd; 100
One Dance; Drake; 78
Hotline Bling; Drake; 98
In My Feelings; Drake; 92
thank u, next; Ariana Grande; 76
7 rings; Ariana Grande; 98
no tears left to cry; Ariana Grande; 96
Sunflower - Spider-Man: Into the Spider-Verse; Post Malone; 59
Circles; Post Malone; 95
Better Now; Post Malone; 93
Treat You Better; Shawn Mendes; 97
Stitches; Shawn Mendes; 96
There's Nothing Holdin' Me Back; Shawn Mendes; 76
Don't Let Me Down; The Chainsmokers; 77
Moves Like Jagger - Soul Seekerz Radio Edit; Maroon 5; 55
Girls Like You (feat. Cardi B) - Cardi B Version; Maroon 5; 60
Sugar; Maroon 5; 99
Payphone; Maroon 5; 95
Happy - From Despicable Me 2; Pharrell Williams; 57
Get Lucky (Radio Edit) [feat. Pharrell Williams and Nile Rodgers]; Daft Punk; 48
Waiting For Love; Avicii; 94
We Found Love - Chuckie Extended Remix; Rihanna; 34
Only Girl (In The World); Rihanna; 73
Call Me Maybe; Carly Rae Jepsen; 98
Party Rock Anthem; LMFAO; 96
Sexy And I Know It; LMFAO; 93
Gangnam Style (강남스타일); PSY; 93
Thrift Shop (feat. Wanz); Macklemore & Ryan Lewis; 70
Can't Hold Us (feat. Ray Dalton); Macklemore; 78
Let It Go - From Frozen/Soundtrack Version; Idina Menzel; 54
All of Me; John Legend; 99
Stay With Me; Sam Smith; 77
I'm Not The Only One; Sam Smith; 80
Too Good At Goodbyes; Sam Smith; 97
New Rules; Dua Lipa; 99
Wrecking Ball; Miley Cyrus; 95
We Can't Stop; Miley Cyrus; 94
Royals; Lorde; 96
Truth Hurts; Lizzo; 91
Good as Hell; Lizzo; 83
HUMBLE.; Kendrick Lamar; 89
Alright; Kendrick Lamar; 92
Black Beatles; Rae Sremmurd; 74
Bad and Boujee (feat. Lil Uzi Vert); Migos; 91
Bodak Yellow; Cardi B; 96
I Like It; Cardi B; 96
See You Again (feat. Charlie Puth); Wiz Khalifa; 66
Attention; Charlie Puth; 97
We Don't Talk Anymore (feat. Selena Gomez); Charlie Puth; 78
Lean On (feat. MØ & DJ Snake); Major Lazer; 97
Cold Water (feat. Justin Bieber & MØ); Major Lazer; 90
Let Me Love You - Tiësto's AFTR:HRS Mix; DJ Snake; 35
Taki Taki (feat. Selena Gomez, Ozuna & Cardi B); DJ Snake; 91
Sorry Not Sorry; Demi Lovato; 92
Cool for the Summer; Demi Lovato; 91
Waka Waka (This Time for Africa) - K-Mix; Shakira; 60
Danza Kuduro; Don Omar; 89
Bailando - Spanish Version; Enrique Iglesias; 74
Mi Gente; J Balvin; 97
Échame La Culpa; Luis Fonsi; 94
I Took A Pill In Ibiza - Seeb Remix; Mike Posner; 71
Cheerleader (Felix Jaehn Remix) - Radio Edit; OMI; 91
Stressed Out; Twenty One Pilots; 99
Ride; Twenty One Pilots; 96
Heathens; Twenty One Pilots; 98
Feel It Still; Portugal. The Man; 72
Cake By The Ocean; DNCE; 93
Shut Up and Dance; WALK THE MOON; 92
Pompeii; Bastille; 71
Riptide; Vance Joy; 95
Let Her Go; Passenger; 99
Ho Hey; The Lumineers; 92
Little Talks; Of Monsters and Men; 92
Some Nights; fun.; 84
We Are Young (feat. Janelle Monáe); fun.; 89
Pumped Up Kicks; Foster The People; 97
Take Care; Drake; 93
Hold On, We're Going Home; Drake; 69
Born This Way; Lady Gaga; 92
The Edge Of Glory; Lady Gaga; 88
Applause; Lady Gaga; 92
Million Reasons; Lady Gaga; 90
Sign of the Times; Harry Styles; 97
PILLOWTALK; ZAYN; 89
I Don't Care; Ed Sheeran; 71
Galway Girl; Ed Sheeran; 67
Symphony (feat. Zara Larsson); Clean Bandit; 90
Rockabye (feat. Sean Paul & Anne-Marie); Clean Bandit; 92
Rather Be (feat. Jess Glynne); Clean Bandit; 89
Faded; Alan Walker; 98
Animals; Martin Garrix; 81
Scared to Be Lonely; Martin Garrix; 93
In the Name of Love; Martin Garrix; 93
How Deep Is Your Love; Calvin Harris; 68
One Kiss (with Dua Lipa); Calvin Harris; 89
Someone You Loved; Lewis Capaldi; 67
Love Lies; Khalid; 88
Young Dumb & Broke; Khalid; 72
Talk (feat. Disclosure); Khalid; 89
Unforgettable; French Montana; 97
I'm the One (feat. Justin Bieber, Quavo, Chance the Rapper & Lil Wayne); DJ Khaled; 76
Wild Thoughts (feat. Rihanna & Bryson Tiller); DJ Khaled; 92
Needed Me; Rihanna; 92
Bitch Better Have My Money; Rihanna; 89
FourFiveSeconds; Rihanna; 93
Love The Way You Lie; Eminem; 99
The Monster (feat. Rihanna); Eminem; 96
Not Afraid; Eminem; 97
Rap God; Eminem; 98
Love Me Like You Do - From Fifty Shades Of Grey; Ellie Goulding; 69
Burn; Ellie Goulding; 94
Lights - Single Version; Ellie Goulding; 62
Just Give Me a Reason (feat. Nate Ruess); P!nk; 90
Try; P!nk; 87
Raise Your Glass; P!nk; 87
What About Us; P!nk; 68
DJ Got Us Fallin' In Love (feat. Pitbull); USHER; 55
Scream & Shout; will.i.am; 56
Super Bass; Nicki Minaj; 96
Starships; Nicki Minaj; 93
Anaconda; Nicki Minaj; 95
Into You; Ariana Grande; 95
Bang Bang; Jessie J; 97
Price Tag; Jessie J; 93
Domino; Jessie J; 90
Rude; MAGIC!; 89
Stolen Dance; Milky Chance; 94
Are You With Me; Lost Frequencies; 88
Ain't Nobody (Loves Me Better) (feat. Jasmine Thompson); Felix Jaehn; 59
Sugar (feat. Francesco Yates); Robin Schulz; 57
Prayer in C - Robin Schulz Radio Edit; Lilly Wood and The Prick; 69
Waves [feat. Chris Brown & T.I.] - Robin Schulz Remix; Mr. Probz; 67
Give Me Everything (feat. Nayer); Pitbull; 91
Time of Our Lives; Pitbull; 90
Feel This Moment (feat. Christina Aguilera); Pitbull; 90
International Love (feat. Chris Brown); Pitbull; 89
Yeah 3x; Chris Brown; 87
Look At Me Now (feat. Lil' Wayne & Busta Rhymes); Chris Brown; 90
a thousand years; Christina Perri; 98
jar of hearts; Christina Perri; 90
Dynamite; Taio Cruz; 90
Break Your Heart; Taio Cruz; 88
Talk Dirty (feat. 2 Chainz); Jason Derulo; 83
Want to Want Me; Jason Derulo; 83
Wiggle (feat. Snoop Dogg); Jason Derulo; 83
Trumpets; Jason Derulo; 81
Lush Life; Zara Larsson; 93
High Hopes; Panic! At The Disco; 71
Centuries; Fall Out Boy; 92
My Songs Know What You Did In The Dark (Light Em Up); Fall Out Boy; 84
Geronimo; Sheppard; 83
Brave; Sara Bareilles; 85
Fight Song; Rachel Platten; 91
Try Everything - aus Zoomania; Shakira; 55
CAN'T STOP THE FEELING! (from DreamWorks Animation's TROLLS); Justin Timberlake; 78
Mirrors; Justin Timberlake; 97
Suit & Tie (feat. JAY-Z); Justin Timberlake; 69
Earned It (Fifty Shades Of Grey); The Weeknd; 89
Die Young; Kesha; 86
Glad You Came; The Wanted; 89
What Makes You Beautiful; One Direction; 97
Story of My Life; One Direction; 95
Drag Me Down; One Direction; 94
Perfect; One Direction; 92
Best Song Ever; One Direction; 92
Jealous; Nick Jonas; 89
Sucker; Jonas Brothers; 91
Meant to Be (feat. Florida Georgia Line); Bebe Rexha; 43
Trap Queen; Fetty Wap; 96
Panda; Desiigner; 94
Mask Off; Future; 95
XO Tour Llif3; Lil Uzi Vert; 95
The Box; Roddy Ricch; 95
Gucci Gang; Lil Pump; 94
SAD!; XXXTENTACION; 83
Jocelyn Flores; XXXTENTACION; 84
ROXANNE; Arizona Zervas; 90
Sweet but Psycho; Ava Max; 94
Let Me Go (with Alesso, Florida Georgia Line & watt); Hailee Steinfeld; 80
Starving; Hailee Steinfeld; 89
The Middle; Zedd; 89
Clarity (feat. Foxes) - Tiësto Remix; Zedd; 53
Stay; Zedd; 88
Scars To Your Beautiful; Alessia Cara; 88
Here; Alessia Cara; 91
Issues; Julia Michaels; 91
Say You Won't Let Go; James Arthur; 80
Hold Back The River; James Bay; 88
Budapest; George Ezra; 90
Shotgun; George Ezra; 85
More Than You Know; Axwell /\ Ingrosso; 76
Sun Is Shining; Axwell /\ Ingrosso; 65
Heroes (we could be); Alesso; 80
Hall of Fame (feat. will.i.am); The Script; 90
Superheroes; The Script; 87
Me, Myself & I; G-Eazy; 71
Timber; Pitbull; 95
Side To Side; Ariana Grande; 98
This Is What You Came For; Calvin Harris; 96
Somebody That I Used To Know; Gotye; 99
Work; Rihanna; 97
Problem; Ariana Grande; 95
Baby; Justin Bieber; 100
F**kin' Perfect - Radio Edit; P!nk; 51
Where Are Ü Now (with Justin Bieber); Jack Ü; 72
Heat Waves; Glass Animals; 94
vampire; Olivia Rodrigo; 91
Flowers; Miley Cyrus; 95
Fortnight (feat. Post Malone); Taylor Swift; 52
Kiss Me More (feat. SZA); Doja Cat; 86
Paint The Town Red; Doja Cat; 91
Say So; Doja Cat; 93
MONTERO (Call Me By Your Name); Lil Nas X; 58
INDUSTRY BABY (feat. Jack Harlow); Lil Nas X; 88
First Class; Jack Harlow; 88
Lovin On Me; Jack Harlow; 88
Easy On Me; Adele; 93
Bad Habits; Ed Sheeran; 92
Shivers; Ed Sheeran; 90
WAP (feat. Megan Thee Stallion); Cardi B; 88
Up; Cardi B; 91
Savage Remix (feat. Beyoncé); Megan Thee Stallion; 62
TEXAS HOLD 'EM; Beyoncé; 42
BREAK MY SOUL; Beyoncé; 76
Espresso; Sabrina Carpenter; 94
Please Please Please; Sabrina Carpenter; 92
Taste; Sabrina Carpenter; 91
Beautiful Things; Benson Boone; 94
Lose Control; Teddy Swims; 91
Too Sweet; Hozier; 91
A Bar Song (Tipsy); Shaboozey; 50
I Had Some Help (Feat. Morgan Wallen); Post Malone; 83
Last Night; Morgan Wallen; 87
Fast Car; Luke Combs; 82
Something in the Orange; Zach Bryan; 87
I Remember Everything (feat. Kacey Musgraves); Zach Bryan; 48
Stick Season; Noah Kahan; 86
Dial Drunk (with Post Malone); Noah Kahan; 80
Not Like Us; Kendrick Lamar; 96
Like That; Future; 90
MILLION DOLLAR BABY; Tommy Richman; 88
Good Luck, Babe!; Chappell Roan; 54
HOT TO GO!; Chappell Roan; 73
BIRDS OF A FEATHER; Billie Eilish; 77
LUNCH; Billie Eilish; 89
What Was I Made For? [From The Motion Picture Barbie]; Billie Eilish; 52
Happier Than Ever; Billie Eilish; 83
Die With A Smile; Lady Gaga; 98
APT.; ROSÉ; 82
Leave The Door Open; Bruno Mars; 95
Kill Bill; SZA; 91
Snooze; SZA; 89
Good Days; SZA; 90
greedy; Tate McRae; 91
exes; Tate McRae; 84
Water; Tyla; 91
Rush; Ayra Starr; 88
Calm Down (with Selena Gomez); Rema; 90
Last Last; Burna Boy; 88
Essence (feat. Tems); Wizkid; 79
Boy's a liar Pt. 2; PinkPantheress; 68
Munch (Feelin’ U); Ice Spice; 70
Creepin' (with The Weeknd & 21 Savage); Metro Boomin; 70
I'm Good (Blue); David Guetta; 67
Unholy (feat. Kim Petras); Sam Smith; 85
About Damn Time; Lizzo; 87
WAIT FOR U (feat. Drake & Tems); Future; 79
Super Freaky Girl; Nicki Minaj; 85
First Person Shooter (feat. J. Cole); Drake; 80
Rich Flex; Drake; 84
Jimmy Cooks (feat. 21 Savage); Drake; 75
fukumean; Gunna; 84
DÁKITI; Bad Bunny; 94
Me Porto Bonito; Bad Bunny; 93
Tití Me Preguntó; Bad Bunny; 94
MONACO; Bad Bunny; 88
Ella Baila Sola; Eslabon Armado; 91
La Diabla; Xavi; 87
Gata Only; FloyyMenor; 92
Si Antes Te Hubiera Conocido; KAROL G; 88
PROVENZA; KAROL G; 91
Shakira: Bzrp Music Sessions, Vol. 53/66; Bizarrap; 70
LALA; Myke Towers; 87
un x100to; Grupo Frontera; 91
Dynamite; BTS; 97
Butter; BTS; 95
Seven (feat. Latto) (Explicit Ver.); Jung Kook; 81
Cupid - Twin Version; FIFTY FIFTY; 66
Super Shy; NewJeans; 84
Rockstar; LISA; 90
Magnetic; ILLIT; 89
Pink Venom; BLACKPINK; 81
360; Charli xcx; 85
Guess featuring billie eilish; Charli xcx; 88
Dance The Night - From Barbie The Album; Dua Lipa; 52
Houdini; Dua Lipa; 89
positions; Ariana Grande; 94
we can't be friends (wait for your love); Ariana Grande; 53
yes, and?; Ariana Grande; 66
Rain On Me (with Ariana Grande); Lady Gaga; 86
Hold Me Closer; Elton John; 80
Cold Heart - PNAU Remix; Elton John; 69
Escapism.; RAYE; 78
Prada; cassö; 83
i like the way you kiss me; Artemas; 89
End of Beginning; Djo; 81
Glimpse of Us; Joji; 88
Romantic Homicide; d4vd; 90
Until I Found You; Stephen Sanchez; 93
golden hour; JVKE; 90
My Love Mine All Mine; Mitski; 89
Strangers; Kenya Grace; 87
(It Goes Like) Nanana - Edit; Peggy Gou; 62
Rush; Troye Sivan; 84
Diet Pepsi; Addison Rae; 84
That’s So True; Gracie Abrams; 54
I Love You, I'm Sorry; Gracie Abrams; 63
The Emptiness Machine; Linkin Park; 89
Padam Padam; Kylie Minogue; 81
Beggin'; Måneskin; 68
Mood (feat. iann dior); 24kGoldn; 85
ROCKSTAR (feat. Roddy Ricch); DaBaby; 83
Big Energy; Latto; 83
F.N.F. (Let's Go); Hitkidd; 50
Yeah Glo!; GloRilla; 68
Made For Me; Muni Long; 84
On My Mama; Victoria Monét; 83
Doja; Central Cee; 89
Sprinter; Dave; 91
love nwantiti (ah ah ah); CKay; 68
soso; OMAH LAY; 85
you broke me first; Tate McRae; 90
abcdefu; GAYLE; 89
Ghost; Justin Bieber; 91
Late Night Talking; Harry Styles; 86
Used To Be Young; Miley Cyrus; 85
Chemical; Post Malone; 85
Take My Breath; The Weeknd; 64
Die For You - Remix; The Weeknd; 70
Karma; Taylor Swift; 87
Is It Over Now? (Taylor's Version) (From The Vault); Taylor Swift; 45
Anti-Hero; Taylor Swift; 78
Savage Love (Laxed - Siren Beat); Jawsh 685; 53
